# rango	strong	forma_he	forma	ocurrencias	cobertura	glosa_actual
1	H853	אֵ֥ת	את	10979	3.58	(partícula de objeto directo; no se traduce)
2	H3068	יְהוָ֥ה	יהוה	6521	5.70	YHVH; el Señor
3	H5921	עַל	על	5781	7.59	sobre; encima de; por
4	H413	אֶל	אל	5516	9.39	hacia; a; para
5	H834	אֲשֶׁר֙	אשר	5503	11.18	que; el cual; quien
6	H3605	כָּל	כל	5417	12.95	todo; cada; entero
7	H559	וַיֹּ֥אמֶר	ויאמר	5318	14.68	decir; dijo
8	H3808	לֹ֨א	לא	5191	16.37	no; nada
9	H1121	בְנֵי	בני	4942	17.98	hijo; descendiente
10	H3588	כִּי	כי	4488	19.45	porque; pues; que
11	H1961	וַֽיְהִי	ויהי	3575	20.61	ser; suceder; llegar a ser
12	H6213	עֹ֤שֶׂה	עשה	2640	21.47	hacer; obrar
13	H430	אֱלֹהִ֑ים	אלהים	2600	22.32	Dios; dioses
14	H935	וַיָּבֵא֙	ויבא	2592	23.16	venir; entrar; traer
15	H4428	הַמֶּֽלֶךְ	המלך	2526	23.99	rey
16	H3478	יִשְׂרָאֵ֑ל	ישראל	2507	24.80	Israel
17	H776	הָאָֽרֶץ	הארץ	2505	25.62	tierra; país
18	H3117	בַּיּ֣וֹם	ביום	2304	26.37	día
19	H376	אִ֔ישׁ	איש	2187	27.08	hombre; varón; esposo
20	H6440	לִפְנֵ֣י	לפני	2127	27.78	delante de; rostro
21	H1004	בֵּֽית	בית	2056	28.45	casa; familia
22	H5414	נֹתֵ֗ן	נתן	2015	29.11	dar; poner
23	H1931	ה֣וּא	הוא	1889	29.72	él; aquel
24	H5971	הָעָֽם	העם	1870	30.33	pueblo; nación
25	H3027	בְּיַ֖ד	ביד	1627	30.86	mano; poder
26	H1697	דִּבֶּ֤ר	דבר	1455	31.33	palabra; asunto; cosa
27	H7200	וַיַּ֧רְא	וירא	1314	31.76	ver; mirar
28	H5704	עַ֤ד	עד	1263	32.17	hasta; mientras
29	H4480	מִן	מן	1230	32.58	de; desde; más que
30	H1	אֲבִ֕י	אבי	1213	32.97	padre
31	H2088	הַזֶּֽה	הזה	1178	33.36	este
32	H8085	שִׁמְעוּ	שמעו	1165	33.74	oír; escuchar; obedecer
33	H1696	דִּבֶּ֤ר	דבר	1144	34.11	hablar
34	H859	אָ֑תָּה	אתה	1104	34.47	tú
35	H5892	הָעִ֔יר	העיר	1095	34.82	ciudad
36	H3427	יֹשְׁבֵ֣י	ישבי	1092	35.18	habitar; morar; sentarse
37	H3318	וַיֵּ֥צֵא	ויצא	1076	35.53	salir; sacar
38	H1732	דּ֨וֹד	דוד	1075	35.88	David
39	H7725	וַיֵּ֥שֶׁב	וישב	1073	36.23	volver; regresar; responder
40	H518	אֵ֥ם	אם	1070	36.58	si; si acaso
41	H5973	עַ֤ם	עם	1049	36.92	con; junto a
42	H3212	וַיֵּ֣לֶךְ	וילך	1044	37.26	ir; caminar
43	H259	אֶחָֽד	אחד	976	37.58	uno; solo
44	H3947	וַיִּקַּ֛ח	ויקח	967	37.90	tomar; recibir
45	H3045	יֹדֵ֣עַ	ידע	953	38.21	saber; conocer
46	H5869	בְּעֵינֵ֥י	בעיני	897	38.50	ojo; vista
47	H5927	עֲלֵ֣ה	עלה	894	38.79	subir; ascender; ofrecer
48	H854	אֵ֥ת	את	889	39.08	con; junto a
49	H8141	שָׁנָ֔ה	שנה	880	39.37	año
50	H589	אֲנִ֣י	אני	874	39.65	yo
51	H8034	שָׁ֔ם	שם	864	39.93	nombre
52	H7971	וַיְשַׁלַּ֖ח	וישלח	847	40.21	enviar; extender
53	H2009	הִנֵּה֩	הנה	843	40.48	he aquí; mira
54	H4191	וַיָּמֹֽת	וימת	839	40.76	morir
55	H8033	שָׁ֔ם	שם	835	41.03	allí; allá
56	H3063	יְהוּדָ֑ה	יהודה	819	41.30	Judá
57	H398	יֵֽאָכֵ֔ל	יאכל	815	41.56	comer; consumir
58	H5650	עַבְדֶּֽךָ	עבדך	803	41.82	siervo; esclavo
59	H369	אַ֔יִן	אין	790	42.08	no hay; sin
60	H802	אִשָּׁ֔ה	אשה	781	42.34	mujer; esposa
61	H3651	כֵֽן	כן	771	42.59	así; recto; correcto
62	H1571	גַּם	גם	769	42.84	también; además
63	H8147	שָׁנִ֖ים	שנים	769	43.09	dos
64	H4872	מֹשֶׁ֔ה	משה	766	43.34	Moisés
65	H5315	נַפְשִׁ֖י	נפשי	757	43.59	alma; vida; persona
66	H3548	הַכֹּהֵ֛ן	הכהן	750	43.83	sacerdote
67	H4100	מַה	מה	750	44.07	qué; cómo
68	H428	אֵ֣לֶּה	אלה	747	44.32	estos
69	H7121	וַיִּקְרָ֨א	ויקרא	739	44.56	llamar; proclamar; leer
70	H408	אֶל	אל	725	44.80	no (prohibición)
71	H310	אַֽחֲרֵי֙	אחרי	718	45.03	después de; detrás de
72	H1870	דֶּ֖רֶךְ	דרך	712	45.26	camino; conducta
73	H7451	רֹ֣עֵה	רעה	666	45.48	mal; malo; calamidad
74	H5375	נָשָׂ֥א	נשא	654	45.69	levantar; cargar; perdonar
75	H3389	יְרוּשָׁלִַ֗ם	ירושלם	643	45.90	Jerusalén
76	H4714	מִצְרַ֔יִם	מצרים	635	46.11	Egipto
77	H251	אָחִ֖יו	אחיו	630	46.31	hermano
78	H6965	וַיָּ֥קָם	ויקם	628	46.52	levantarse; estar de pie
79	H2063	הַזֹּ֑את	הזאת	605	46.72	esta
80	H7218	רֹ֔אשׁ	ראש	600	46.91	cabeza; jefe; principio
81	H3820	לֵ֧ב	לב	596	47.11	corazón
82	H1323	בַּת	בת	590	47.30	hija
83	H7760	וַיָּ֣שֶׂם	וישם	586	47.49	poner; colocar
84	H3967	מֵאוֹת֙	מאות	583	47.68	cien; cientos
85	H4325	מַ֖יִם	מים	582	47.87	agua
86	H3541	כֹּ֥ה	כה	577	48.06	así; de este modo
87	H1471	הַגּוֹיִם֙	הגוים	567	48.24	nación; gentiles
88	H1992	הֵ֧מָּה	המה	566	48.43	ellos; aquellos
89	H2896	ט֑וֹב	טוב	565	48.61	bueno; bien
90	H5674	עֵ֔בֶר	עבר	562	48.79	pasar; cruzar
91	H120	אָדָ֛ם	אדם	552	48.97	hombre; ser humano; Adán
92	H2022	הַ֥ר	הר	547	49.15	monte; montaña
93	H1419	גָּד֥וֹל	גדול	530	49.32	grande
94	H5975	עֹמֵ֧ד	עמד	526	49.50	estar de pie; permanecer
95	H1980	הֹלֵ֥ךְ	הלך	511	49.66	caminar; andar; ir
96	H8478	תַּ֣חַת	תחת	511	49.83	debajo de; en lugar de
97	H505	אֶ֤לֶף	אלף	507	49.99	mil
98	H6963	ק֨וֹל	קול	506	50.16	voz; sonido
99	H2416	חָֽי	חי	503	50.32	vivo; viviente; vida
100	H5221	וַיַּךְ֙	ויך	502	50.49	golpear; herir; matar
101	H3205	הוֹלִ֣יד	הוליד	500	50.65	engendrar; dar a luz
102	H6310	פִּ֥י	פי	498	50.81	boca; apertura
103	H6680	צִוָּ֥ה	צוה	496	50.97	mandar; ordenar
104	H5750	עוֹד֙	עוד	489	51.13	aún; todavía
105	H6635	צִבְא֥וֹת	צבאות	487	51.29	ejército; huestes
106	H8104	שָׁמַ֥ר	שמר	469	51.44	guardar; cuidar; observar
107	H6944	קָדֵ֔שׁ	קדש	467	51.60	santo; santidad
108	H7227	רַבִּֽים	רבים	461	51.75	mucho; numeroso; grande
109	H4672	יִמָּצֵ֥א	ימצא	457	51.90	hallar; encontrar
110	H136	אֲדֹנָ֤י	אדני	445	52.04	Señor; amo
111	H5769	עוֹלָֽם	עולם	438	52.18	eternidad; para siempre
112	H5307	וַיַּפֵּל֩	ויפל	435	52.33	caer
113	H6258	וְעַתָּ֣ה	ועתה	435	52.47	ahora
114	H7969	שְׁלֹ֥שׁ	שלש	431	52.61	tres
115	H4941	מִשְׁפָּט֙	משפט	424	52.75	juicio; derecho; justicia
116	H4310	מִ֚י	מי	423	52.88	quién
117	H8064	הַשָּׁמַ֖יִם	השמים	421	53.02	cielo; cielos
118	H8269	שָׂרָ֔י	שרי	421	53.16	príncipe; jefe; oficial
119	H8432	בְּת֣וֹךְ	בתוך	420	53.30	medio; en medio de
120	H2719	חָֽרֶב	חרב	413	53.43	espada
121	H996	בֵּ֥ין	בין	410	53.56	entre
122	H7586	שָׁא֖וּל	שאול	406	53.70	Saúl
123	H3701	כֶּ֨סֶף֙	כסף	403	53.83	plata; dinero
124	H4196	הַמִּזְבֵּ֔חַ	המזבח	403	53.96	altar
125	H4994	נָ֣א	נא	403	54.09	por favor; te ruego
126	H4725	הַמָּק֗וֹם	המקום	401	54.22	lugar
127	H3220	הַיָּ֜ם	הים	396	54.35	mar
128	H7651	שֶׁ֣בַע	שבע	394	54.48	siete
129	H2091	זָהָ֔ב	זהב	389	54.61	oro
130	H3381	וַיֵּ֣רֶד	וירד	381	54.73	bajar; descender
131	H784	אֵ֔שׁ	אש	378	54.85	fuego
132	H7307	ר֣וּחַ	רוח	378	54.98	espíritu; viento; aliento
133	H1129	וַיִּבֶן֩	ויבן	377	55.10	construir; edificar
134	H5002	נְאֻם	נאם	376	55.22	dicho; oráculo
135	H8179	שַׁ֥עַר	שער	375	55.34	puerta; portal
136	H5046	וַיַּגֵּ֥ד	ויגד	371	55.46	anunciar; declarar; informar
137	H1818	דַּ֣ם	דם	361	55.58	sangre
138	H595	אָנֹ֖כִי	אנכי	359	55.70	yo
139	H4427	מֶֽלֶךְ	מלך	351	55.81	reinar; ser rey
140	H3290	יַעֲקֹ֑ב	יעקב	349	55.93	Jacob
141	H168	אֹ֖הֶל	אהל	348	56.04	tienda
142	H175	אַהֲרֹ֤ן	אהרן	347	56.15	Aarón
143	H1768	דֵּ֣י	די	347	56.27	que; el cual (arameo)
144	H2568	חָמֵ֥שׁ	חמש	345	56.38	cinco
145	H6240	עֶ֣שֶׂר	עשר	338	56.49	diez
146	H5439	סָבִֽיב	סביב	337	56.60	alrededor; en derredor
147	H7704	הַשָּׂדֶ֗ה	השדה	334	56.71	campo; labranza
148	H1288	בָּר֥וּךְ	ברוך	330	56.82	bendecir; bendito
149	H6086	עֵ֣ץ	עץ	330	56.92	árbol; madera
150	H113	אֲדֹנָ֤י	אדני	329	57.03	señor; amo; dueño
151	H3372	תִּירָ֣א	תירא	329	57.14	temer; tener miedo
152	H6030	וַיַּ֥עַן	ויען	329	57.24	responder; contestar
153	H3627	כְּלֵי	כלי	325	57.35	vaso; utensilio; arma
154	H176	א֥וֹ	או	321	57.46	o; si no
155	H702	אַרְבַּ֥ע	ארבע	320	57.56	cuatro
156	H4421	מִלְחָמָ֗ה	מלחמה	319	57.66	guerra; batalla
157	H2005	הִנְנִי֩	הנני	318	57.77	heme aquí; aquí estoy
158	H5030	הַנָּבִ֣יא	הנביא	317	57.87	profeta
159	H6242	עֶשְׂרִ֑ים	עשרים	315	57.97	veinte
160	H3069	יְהוָ֥ה	יהוה	306	58.07	YHVH; el Señor (leído Adonai)
161	H4940	מִשְׁפְּחֹ֧ת	משפחת	304	58.17	familia; clan
162	H6485	פָּקַ֥ד	פקד	304	58.27	visitar; contar; castigar
163	H5493	סָ֣ר	סר	301	58.37	apartarse; quitar
164	H3966	מְאֹ֑ד	מאד	300	58.47	mucho; muy
165	H2403	חַטָּ֣את	חטאת	299	58.56	pecado; ofrenda por el pecado
166	H3899	לֶ֔חֶם	לחם	299	58.66	pan; alimento
167	H6256	בָּעֵ֣ת	בעת	296	58.76	tiempo; momento
168	H8010	שַׂלְמָ֜ה	שלמה	293	58.85	Salomón
169	H2388	וַיֶּחֱזַ֥ק	ויחזק	290	58.95	esforzarse; fortalecerse; asir
170	H3772	וְהִכְרַתִּ֥י	והכרתי	290	59.04	cortar; hacer pacto
171	H6430	פְּלִשְׁתִּ֖ים	פלשתים	290	59.14	filisteos
172	H5647	לַֽעֲבֹ֖ד	לעבד	289	59.23	servir; trabajar
173	H5930	הָעֹלָ֗ה	העלה	289	59.33	holocausto; ofrenda quemada
174	H3881	הַלְוִיִּ֖ם	הלוים	286	59.42	levitas
175	H341	אוֹיֵֽב	אויב	284	59.51	enemigo
176	H1285	בְּרִ֔ית	ברית	284	59.60	pacto; alianza
177	H2320	לַחֹ֑דֶשׁ	לחדש	283	59.70	mes; luna nueva
178	H7126	וַיַּקְרֵ֣ב	ויקרב	283	59.79	acercar; ofrecer
179	H639	אַ֚ף	אף	276	59.88	ira; nariz
180	H6629	הַצֹּ֖אן	הצאן	274	59.97	rebaño; ovejas
181	H68	אָ֑בֶן	אבן	273	60.06	piedra
182	H4616	לְמַ֨עַן֙	למען	272	60.15	para que; a fin de
183	H4057	בַּמִּדְבָּ֑ר	במדבר	271	60.23	desierto; yermo
184	H1320	בָּשָׂ֖ר	בשר	270	60.32	carne
185	H6547	פַרְעֹ֔ה	פרעה	268	60.41	faraón
186	H2421	וַֽיְחִ֣י	ויחי	265	60.50	vivir
187	H7563	רְשָׁעִ֗ים	רשעים	263	60.58	malvado; impío
188	H894	בָּבֶ֔ל	בבל	262	60.67	Babilonia
189	H3824	לְבַ֨ב	לבב	252	60.75	corazón; interior
190	H4294	מַטֶּֽה	מטה	252	60.83	vara; tribu; báculo
191	H2617	חֶ֕סֶד	חסד	251	60.91	misericordia; bondad; lealtad
192	H7272	רַגְלִ֛י	רגלי	251	61.00	pie
193	H4390	מָלֵ֜א	מלא	250	61.08	llenar; cumplir
194	H520	אַמָּ֗ה	אמה	249	61.16	codo (medida)
195	H410	אֶל	אל	245	61.24	Dios; poderoso
196	H1366	גְּב֤וּל	גבול	241	61.32	límite; frontera; territorio
197	H2398	חָטָ֞א	חטא	240	61.39	pecar
198	H5288	הַנַּ֔עַר	הנער	239	61.47	joven; muchacho; siervo
199	H7965	שָׁל֔וֹם	שלום	237	61.55	paz; bienestar; integridad
200	H2142	זָכָ֥ר	זכר	235	61.63	recordar; acordarse
201	H3915	לָ֑יְלָה	לילה	235	61.70	noche
202	H4639	מַעֲשֵׂ֣ה	מעשה	235	61.78	obra; hecho; trabajo
203	H7235	הַרְבָּ֤ה	הרבה	235	61.86	multiplicar; aumentar; abundar
204	H2428	חַ֔יִל	חיל	234	61.93	fuerza; poder; ejército; riqueza
205	H3423	לְרִשְׁתָּֽהּ	לרשתה	232	62.01	heredar; poseer; desposeer
206	H5771	עֲוֺ֥ן	עון	232	62.08	iniquidad; culpa; castigo
207	H2233	זֶ֔רַע	זרע	229	62.16	semilla; descendencia
208	H3789	כְּתוּבִ֗ים	כתובים	227	62.23	escribir; inscrito
209	H7130	בְּקֶ֣רֶב	בקרב	227	62.31	medio; interior; entre
210	H127	הָֽאֲדָמָ֖ה	האדמה	225	62.38	tierra; suelo; terreno
211	H1245	לְבַקֵּ֔שׁ	לבקש	225	62.45	buscar; requerir
212	H4150	מוֹעֵ֣ד	מועד	223	62.53	tiempo señalado; fiesta
213	H5159	נַחֲלָֽה	נחלה	222	62.60	heredad; herencia
214	H8451	תּוֹרַ֥ת	תורת	222	62.67	ley; instrucción; torá
215	H517	אִמּ֑וֹ	אמו	220	62.74	madre
216	H3559	נָכ֤וֹן	נכון	219	62.81	estar firme; preparar; establecido
217	H899	בְּגָדָ֖יו	בגדיו	218	62.88	ropa; vestidura
218	H3091	יְהוֹשֻׁ֨עַ֙	יהושע	218	62.96	Josué
219	H8354	שְׁתֵ֔ה	שתה	217	63.03	beber
220	H4264	הַמַּחֲנֶ֥ה	המחנה	216	63.10	campamento; ejército
221	H5186	נָֽטָה	נטה	216	63.17	extender; inclinar
222	H5800	עָזְב֖וּ	עזבו	215	63.24	dejar; abandonar
223	H8337	שֵׁ֥שׁ	שש	215	63.31	seis
224	H1242	בַּבֹּ֑קֶר	בבקר	214	63.38	mañana; amanecer
225	H3130	יוֹסֵ֖ף	יוסף	213	63.45	José
226	H4397	מַלְאַ֧ךְ	מלאך	213	63.52	mensajero; ángel
227	H5337	מַצִּֽיל	מציל	213	63.59	librar; salvar; rescatar
228	H7901	וַיִּשְׁכַּ֖ב	וישכב	213	63.65	acostarse; yacer; dormir
229	H157	אָהֵֽב	אהב	211	63.72	amar
230	H4503	מִנְחָ֖ה	מנחה	211	63.79	ofrenda; presente
231	H3254	וַיֹּ֛סֶף	ויסף	210	63.86	añadir; aumentar; volver a
232	H3467	מוֹשִׁ֖יעַ	מושיע	206	63.93	salvar; librar
233	H6662	צַדִּ֛יק	צדיק	206	63.99	justo; recto
234	H3615	כֻלָּ֖הּ	כלה	205	64.06	acabar; terminar; consumar
235	H8199	שָׁפָ֖ט	שפט	204	64.13	juzgar; gobernar
236	H622	וַיֵּאָ֖סֶף	ויאסף	202	64.19	reunir; recoger; ser agregado
237	H727	אֲר֖וֹן	ארון	202	64.26	arca
238	H905	לְבַדּ֑וֹ	לבדו	202	64.33	solo; aparte; además de
239	H3519	כְּב֣וֹד	כבוד	200	64.39	gloria; honra; esplendor
240	H352	אֵ֣יל	איל	196	64.45	carnero; poderoso; encina
241	H3709	כַּף	כף	195	64.52	palma; mano; cuchara
242	H3201	יוּכַ֣ל	יוכל	194	64.58	poder; ser capaz
243	H7311	וַיָּ֤רֶם	וירם	193	64.64	levantar; alzar; exaltar
244	H8081	שֶׁ֖מֶן	שמן	193	64.71	aceite; grasa
245	H929	הַבְּהֵמָה֙	הבהמה	190	64.77	bestia; ganado; animal
246	H2691	הֶֽחָצֵר֙	החצר	190	64.83	atrio; patio; aldea
247	H7626	שֵׁ֨בֶט֙	שבט	190	64.89	vara; cetro; tribu
248	H7453	רֵעֵ֗הוּ	רעהו	189	64.95	prójimo; amigo; compañero
249	H241	בְּאָזְנֵ֣י	באזני	188	65.02	oído; oreja
250	H5612	סֵ֔פֶר	ספר	188	65.08	libro; escrito; carta
251	H1540	גִּלָּ֑ה	גלה	186	65.14	descubrir; revelar; desnudar
252	H7650	נִֽשְׁבַּֽע	נשבע	186	65.20	jurar
253	H6	אָבַ֥ד	אבד	185	65.26	perecer; destruir; perderse
254	H4687	מַצּ֣וֹת	מצות	184	65.32	mandamiento; precepto
255	H1241	בֹ֖קֶר	בקר	183	65.38	ganado; vacuno; buey
256	H3383	הַיַּרְדֵּ֔ן	הירדן	183	65.44	Jordán
257	H7223	הָרִאשׁוֹן֙	הראשון	182	65.50	primero; anterior
258	H4124	מוֹאָ֑ב	מואב	181	65.56	Moab
259	H669	אֶפְרָ֑יִם	אפרים	180	65.62	Efraín
260	H4430	מַלְכָּא֙	מלכא	180	65.67	rey (arameo)
261	H2205	זִקְנֵ֣י	זקני	179	65.73	anciano; viejo
262	H3898	לְהִלָּחֵ֖ם	להלחם	177	65.79	pelear; luchar; combatir
263	H6235	עֶשְׂרֵה֙	עשרה	177	65.85	diez (en números compuestos)
264	H8193	שְׂפַ֥ת	שפת	177	65.91	labio; borde; lengua
265	H7592	שָֽׁאַל	שאל	176	65.96	pedir; preguntar; demandar
266	H85	אַבְרָהָ֔ם	אברהם	175	66.02	Abraham
267	H7812	וַיִּשְׁתַּ֖חוּ	וישתחו	175	66.08	postrarse; adorar
268	H7970	שְׁלֹשִׁ֤ים	שלשים	175	66.13	treinta
269	H6942	קָדֵֽשׁוּ	קדשו	173	66.19	santificar; consagrar
270	H995	יָבִ֣ין	יבין	171	66.25	entender; comprender; discernir
271	H977	יִבְחַר	יבחר	170	66.30	escoger; elegir
272	H1755	דּֽוֹר	דור	168	66.36	generación; descendencia
273	H1144	בִּנְיָמִ֣ן	בנימן	167	66.41	Benjamín
274	H2026	הֲרָג֖וֹ	הרגו	167	66.47	matar; asesinar
275	H4399	הַמְּלָאכָ֤ה	המלאכה	167	66.52	obra; trabajo; tarea
276	H312	אֲחֵרִ֑ים	אחרים	166	66.57	otro; ajeno
277	H1875	דָּרֹ֥שׁ	דרש	165	66.63	buscar; consultar; inquirir
278	H1984	הַֽלְל֖וּ	הללו	165	66.68	alabar; ensalzar; gloriarse
279	H2351	מִח֥וּץ	מחוץ	164	66.73	fuera; afuera; exterior
280	H6607	פֶּֽתַח	פתח	164	66.79	entrada; puerta; abertura
281	H7462	רֹ֣עֵה	רעה	164	66.84	pastorear; apacentar; pastor
282	H2572	חֲמִשִּׁ֤ים	חמשים	163	66.89	cincuenta
283	H2077	זֶ֨בַח֙	זבח	162	66.95	sacrificio
284	H2930	יִטְמָ֖א	יטמא	162	67.00	ser inmundo; contaminarse
285	H389	אַךְ	אך	161	67.05	pero; ciertamente; solo
286	H5127	וַיָּנֻ֛סוּ	וינסו	161	67.11	huir; escapar
287	H5608	הַסֵּ֔פֶר	הספר	161	67.16	contar; narrar; escribir
288	H1368	גִּבּ֥וֹר	גבור	160	67.21	fuerte; valiente; héroe
289	H6666	וּצְדָקָ֖ה	וצדקה	159	67.26	justicia; rectitud
290	H4194	מ֥וֹת	מות	158	67.31	muerte
291	H5437	וַיִּסֹּ֥ב	ויסב	158	67.36	girar; rodear; dar vuelta
292	H8055	יִשְׂמַ֣ח	ישמח	158	67.42	alegrarse; gozarse
293	H8145	הַשֵּׁנִ֖י	השני	157	67.47	segundo
294	H3680	לְכַסּ֖וֹת	לכסות	153	67.52	cubrir; tapar
295	H6726	צִיּ֑וֹן	ציון	153	67.57	Sion
296	H6828	צָפ֑וֹן	צפון	153	67.62	norte
297	H804	אַשּׁ֑וּר	אשור	151	67.67	Asiria
298	H5048	נֶ֣גֶד	נגד	150	67.72	delante de; frente a
299	H5060	הַנֹּגֵ֜עַ	הנגע	150	67.76	tocar; golpear; llegar
300	H7230	לָרֹ֖ב	לרב	150	67.81	multitud; abundancia; mucho
301	H2451	חָכְמָ֑ה	חכמה	149	67.86	
302	H5712	הָֽעֵדָ֔ה	העדה	149	67.91	
303	H7665	שֶׁ֖בֶר	שבר	149	67.96	
304	H8130	שְׂנֹ֥א	שנא	148	68.01	
305	H3414	יִרְמְיָ֖הוּ	ירמיהו	147	68.05	
306	H7843	לְשַׁחֵ֣ת	לשחת	147	68.10	
307	H4519	מְנַשֶּׁ֑ה	מנשה	146	68.15	
308	H5265	וַיִּסָּ֑עוּ	ויסעו	146	68.20	
309	H3097	יוֹאָב֙	יואב	145	68.25	
310	H5656	עֲבֹדַ֖ת	עבדת	145	68.29	
311	H6605	פֶּֽתַח	פתח	145	68.34	
312	H7291	וַיִּרְדְּפ֨וּ	וירדפו	144	68.39	
313	H2490	הֵחֵ֣ל	החל	143	68.43	
314	H2583	וַיַּחֲנ֣וּ	ויחנו	143	68.48	
315	H3162	יַחְדָּ֑ו	יחדו	142	68.53	
316	H3644	כְּמוֹ	כמו	142	68.57	
317	H227	אָ֣ז	אז	141	68.62	
318	H3196	יַ֖יִן	יין	141	68.66	
319	H3225	יָמִ֖ין	ימין	141	68.71	
320	H5158	נָ֑חַל	נחל	141	68.76	
321	H5483	סוּסִים֒	סוסים	141	68.80	
322	H4605	וָמָ֑עְלָה	ומעלה	140	68.85	
323	H5178	נְחֹ֖שֶׁת	נחשת	140	68.89	
324	H8050	שְׁמוּאֵ֖ל	שמואל	140	68.94	
325	H4908	הַמִּשְׁכָּ֔ן	המשכן	139	68.98	
326	H3426	יֵ֛שׁ	יש	138	69.03	
327	H2450	חֲכַם	חכם	137	69.07	
328	H705	אַרְבָּעִ֣ים	ארבעים	135	69.12	
329	H3678	כִּסֵּ֣א	כסא	135	69.16	
330	H6437	וַיִּ֤פֶן	ויפן	135	69.21	
331	H637	אַ֚ף	אף	134	69.25	
332	H1568	גַּלְעֵֽד	גלעד	134	69.29	
333	H2076	וַיִּזְבַּ֨ח	ויזבח	134	69.34	
334	H4557	מִסְפָּ֔ר	מספר	134	69.38	
335	H5387	נְשִׂ֨יא	נשיא	134	69.42	
336	H6153	הָֽעֹרֵ֑ב	הערב	134	69.47	
337	H8121	הַשֶּׁ֨מֶשׁ֙	השמש	134	69.51	
338	H758	אֲרָ֑ם	ארם	133	69.56	
339	H2346	הַֽחוֹמָ֔ה	החומה	133	69.60	
340	H6435	פֶּן	פן	133	69.64	
341	H6499	פַּ֣ר	פר	133	69.69	
342	H6912	וַיִּקָּבֵ֣ר	ויקבר	133	69.73	
343	H7604	הִשְׁאִ֖יר	השאיר	133	69.77	
344	H2396	חִזְקִיָּ֥הוּ	חזקיהו	130	69.81	
345	H7931	שֹׁכֵ֨ן	שכן	129	69.86	
346	H2706	חֹ֨ק	חק	128	69.90	
347	H571	אֱמֶ֔ת	אמת	127	69.94	
348	H3581	כֹּ֣חַ	כח	127	69.98	
349	H6908	וְיִקְבְּצ֗וּ	ויקבצו	127	70.02	
350	H6106	עַצְמ֥וֹת	עצמות	126	70.06	
351	H5066	וַיִּגַּ֥שׁ	ויגש	125	70.10	
352	H7993	וַיַּשְׁלֵ֨ךְ	וישלך	125	70.14	
353	H2534	חֲמָתִי֙	חמתי	124	70.19	
354	H2803	חֹשֵׁ֖ב	חשב	124	70.23	
355	H2677	וַחֲצִ֣י	וחצי	123	70.27	
356	H6951	הַקָּהָ֥ל	הקהל	123	70.31	
357	H216	א֑וֹר	אור	121	70.35	
358	H587	אֲנָֽחְנוּ	אנחנו	121	70.38	
359	H3920	וַיִּלְכֹּ֖ד	וילכד	121	70.42	
360	H982	בֶּ֑טַח	בטח	120	70.46	
361	H7393	רֶ֖כֶב	רכב	120	70.50	
362	H269	אֲח֛וֹת	אחות	119	70.54	
363	H3477	הַיָּשָׁ֥ר	הישר	119	70.58	
364	H5104	הַנָּהָ֥ר	הנהר	119	70.62	
365	H6529	פְּרִ֞י	פרי	119	70.66	
366	H6664	צֶ֨דֶק֙	צדק	119	70.70	
367	H6918	קָד֑וֹשׁ	קדוש	119	70.74	
368	H1060	בְּכ֥וֹר	בכור	118	70.77	
369	H6471	פַעֲמַ֔יִם	פעמים	118	70.81	
370	H8441	תוֹעֲבַ֥ת	תועבת	118	70.85	
371	H3956	לָשׁ֖וֹן	לשון	117	70.89	
372	H4467	מַמְלְכ֥וֹת	ממלכות	117	70.93	
373	H6999	וְהִקְטִ֥יר	והקטיר	117	70.97	
374	H8210	שֹׁפֵךְ֙	שפך	117	71.00	
375	H8313	שָׂרַ֔ף	שרף	117	71.04	
376	H1058	וַיֵּֽבְךְּ	ויבך	116	71.08	
377	H1431	וַיִּגְדַּ֥ל	ויגדל	116	71.12	
378	H3513	נִכְבָּ֔ד	נכבד	116	71.15	
379	H4481	מִן	מן	116	71.19	
380	H7999	יְשַׁלֵּ֔ם	ישלם	116	71.23	
381	H4054	מִגִּרְשָׂהּ֙	מגרשה	115	71.27	
382	H5012	הִנָּבֵ֣א	הנבא	115	71.31	
383	H954	יֵבֹ֔שׁוּ	יבשו	114	71.34	
384	H3034	אוֹדְךָ֥	אודך	114	71.38	
385	H8267	שָֽׁקֶר	שקר	113	71.42	
386	H1115	לְבִלְתִּ֥י	לבלתי	112	71.45	
387	H3190	יִֽיטַב	ייטב	112	71.49	
388	H5982	הָֽעַמּוּדִ֛ים	העמודים	112	71.53	
389	H53	אַבְשָׁל֣וֹם	אבשלום	111	71.56	
390	H3671	כָּנָף֙	כנף	111	71.60	
391	H3847	לָבַ֖שׁ	לבש	111	71.63	
392	H5045	נֶֽגֶב	נגב	111	71.67	
393	H5922	עַל	על	111	71.71	
394	H7676	הַשַּׁבָּת֒	השבת	111	71.74	
395	H6083	עָפָר֙	עפר	110	71.78	
396	H6862	צֹ֗ר	צר	110	71.81	
397	H7535	רַ֥ק	רק	109	71.85	
398	H8083	שְׁמֹנֶ֥ה	שמנה	109	71.89	
399	H8111	שִׁמְר֖וֹן	שמרון	109	71.92	
400	H539	נֶאֱמָ֥ן	נאמן	108	71.96	
401	H3327	יִצְחָ֑ק	יצחק	108	71.99	
402	H5162	וַיִּנָּ֣חֶם	וינחם	108	72.03	
403	H7992	הַשְּׁלִישִׁי֙	השלישי	108	72.06	
404	H3498	הַנּוֹתָרִ֛ים	הנותרים	107	72.10	
405	H3532	כְּבָשִׂ֧ים	כבשים	107	72.13	
406	H5983	עַמּ֖וֹן	עמון	106	72.17	
407	H1350	גֹּאֵ֑ל	גאל	105	72.20	
408	H2708	חֻקַּ֥ת	חקת	105	72.23	
409	H1116	הַבָּמ֖וֹת	הבמות	104	72.27	
410	H3379	יָרָבְעָ֖ם	ירבעם	104	72.30	
411	H4758	מַרְאֶ֖ה	מראה	104	72.34	
412	H7323	וַיָּ֤רָץ	וירץ	104	72.37	
413	H8548	תָּמִֽיד	תמיד	104	72.40	
414	H1157	בְּעַ֥ד	בעד	103	72.44	
415	H3606	כָּל	כל	103	72.47	
416	H3722	וְכִפֶּ֤ר	וכפר	103	72.51	
417	H3499	וְיֶ֥תֶר	ויתר	102	72.54	
418	H7489	מֵֽרֵעִ֔ים	מרעים	102	72.57	
419	H7911	תִּשְׁכַּ֨ח	תשכח	102	72.60	
420	H4592	מְעַט	מעט	101	72.64	
421	H6996	הַקָּטֹן֙	הקטן	101	72.67	
422	H7341	וְרֹ֨חַב֙	ורחב	101	72.70	
423	H7458	רָעָ֖ב	רעב	101	72.74	
424	H123	אֱדֽוֹם	אדום	100	72.77	
425	H7125	לִקְרַ֣את	לקראת	100	72.80	
426	H3282	יַ֚עַן	יען	99	72.83	
427	H5785	ע֖וֹר	עור	99	72.87	
428	H1481	לָג֣וּר	לגור	98	72.90	
429	H7637	הַשְּׁבִיעִ֔י	השביעי	98	72.93	
430	H8334	לְשָׁרֵ֑ת	לשרת	98	72.96	
431	H426	אֱלָהָא֙	אלהא	97	72.99	
432	H6215	עָשׂ֣וּ	עשו	97	73.03	
433	H7097	מִקְצֵ֕ה	מקצה	97	73.06	
434	H7646	יִשָּׁבֵֽעוּ	ישבעו	97	73.09	
435	H2543	הַחֲמ֔וֹר	החמור	96	73.12	
436	H753	אֹ֚רֶךְ	ארך	95	73.15	
437	H2891	וְטָהֵֽר	וטהר	95	73.18	
438	H4422	יִמָּלֵ֥ט	ימלט	95	73.21	
439	H1197	בֹּעֵ֣ר	בער	94	73.24	
440	H2015	הָפַ֣ךְ	הפך	94	73.27	
441	H2491	חֲלָלִ֖ים	חללים	94	73.30	
442	H2889	טָה֔וֹר	טהור	94	73.34	
443	H3667	כְנָֽעַן	כנען	94	73.37	
444	H8057	שִׂמְחָ֣ה	שמחה	94	73.40	
445	H256	אַחְאָ֥ב	אחאב	93	73.43	
446	H1847	דַּ֣עַת	דעת	93	73.46	
447	H2181	זוֹנָ֜ה	זונה	93	73.49	
448	H6588	פִּשְׁעִי֙	פשעי	93	73.52	
449	H1616	גֵ֣ר	גר	92	73.55	
450	H2459	הַחֵלֶב֮	החלב	92	73.58	
451	H3754	כָּֽרֶם	כרם	92	73.61	
452	H5676	בַּעֲבֻ֛ר	בעבר	92	73.64	
453	H5797	עָֽז	עז	92	73.67	
454	H2220	זֵר֖וּעַ	זרוע	91	73.70	
455	H3742	הַכְּרוּבִ֜ים	הכרובים	91	73.73	
456	H4438	מַלְכ֛וּת	מלכות	91	73.76	
457	H5462	סָג֑וּר	סגור	91	73.79	
458	H7657	שִׁבְעִ֥ים	שבעים	91	73.82	
459	H7892	שִׁ֑יר	שיר	91	73.85	
460	H8549	תָּמִ֥ים	תמים	91	73.88	
461	H2734	וַיִּ֤חַר	ויחר	90	73.90	
462	H3206	הַיֶּ֖לֶד	הילד	90	73.93	
463	H6098	עֲצַ֥ת	עצת	90	73.96	
464	H8045	לְהַשְׁמִ֥יד	להשמיד	90	73.99	
465	H1817	דַּלְת֧וֹת	דלתות	89	74.02	
466	H2931	טִמֵּא֙	טמא	88	74.05	
467	H7891	שִׁ֤ירוּ	שירו	88	74.08	
468	H8255	בְּשֶׁ֣קֶל	בשקל	88	74.11	
469	H567	הָ֣אֱמֹרִ֔י	האמרי	87	74.14	
470	H3885	יָלִ֥ין	ילין	87	74.16	
471	H3925	לַמְּדֵֽנִי	למדני	87	74.19	
472	H6051	הֶֽעָנָן֙	הענן	87	74.22	
473	H6924	קֶֽדֶם	קדם	87	74.25	
474	H8002	הַשְּׁלָמִ֔ים	השלמים	87	74.28	
475	H3384	יָרָ֣ה	ירה	86	74.31	
476	H6285	פְּאַ֥ת	פאת	86	74.33	
477	H7069	קֹנֵ֖ה	קנה	86	74.36	
478	H7896	אָשִׁ֗ית	אשית	86	74.39	
479	H8074	וְנָשַׁ֖מּוּ	ונשמו	86	74.42	
480	H1995	הֲמ֥וֹן	המון	85	74.45	
481	H7350	מֵרָחוֹק֙	מרחוק	85	74.47	
482	H3092	יְהוֹשָׁפָ֥ט	יהושפט	84	74.50	
483	H6419	וְיִתְפַּלֵּ֥ל	ויתפלל	84	74.53	
484	H1167	בַּעֲלֵ֥י	בעלי	83	74.56	
485	H6031	עֲנָ֔ה	ענה	83	74.58	
486	H349	אֵיךְ֙	איך	82	74.61	
487	H2145	זָכָ֥ר	זכר	82	74.64	
488	H3778	כַּשְׂדִּֽים	כשדים	82	74.66	
489	H3809	לֹ֨א	לא	82	74.69	
490	H4910	מֹשֵׁ֖ל	משל	82	74.72	
491	H5641	וַיַּסְתֵּ֤ר	ויסתר	82	74.74	
492	H5826	עֵ֖זֶר	עזר	82	74.77	
493	H6311	פֹ֔ה	פה	82	74.80	
494	H7043	הַקֹּל֙	הקל	82	74.82	
495	H7133	קָרְבָּנוֹ֙	קרבנו	82	74.85	
496	H7819	וְשָׁחַ֛ט	ושחט	82	74.88	
497	H738	אַרְיֵה֙	אריה	81	74.90	
498	H3064	הַיְהוּדִ֖ים	היהודים	81	74.93	
499	H1168	הַבַּ֨עַל֙	הבעל	80	74.96	
500	H1964	הֵיכַ֥ל	היכל	80	74.98	
501	H2822	חָשַׂ֤ךְ	חשך	80	75.01	
502	H3083	יְהוֹנָתָ֜ן	יהונתן	80	75.03	
503	H4376	יִמְכֹּ֥ר	ימכר	80	75.06	
504	H5782	עוּרִ֤י	עורי	80	75.09	
505	H205	אֽוֹן	און	79	75.11	
506	H214	אֹצְר֣וֹת	אצרות	79	75.14	
507	H226	א֔וֹת	אות	79	75.16	
508	H2603	חַנַּ֥נִי	חנני	79	75.19	
509	H3289	יָעַץ֙	יעץ	79	75.21	
510	H6041	עֳנִ֥י	עני	79	75.24	
511	H7794	שֽׁוּר	שור	79	75.27	
512	H4931	מִשְׁמֶ֥רֶת	משמרת	78	75.29	
513	H5061	הַנֹּגֵ֜עַ	הנגע	78	75.32	
514	H6697	צֽוּר	צור	78	75.34	
515	H7138	קָרוֹב֙	קרוב	78	75.37	
516	H7392	רֶ֖כֶב	רכב	78	75.39	
517	H1486	הַגּוֹרָ֖ל	הגורל	77	75.42	
518	H2114	זָרִ֑ים	זרים	77	75.44	
519	H3444	יְשׁוּעַ֣ת	ישועת	77	75.47	
520	H8605	תְּפִלָּתִ֔י	תפלתי	77	75.49	
521	H1270	בַרְזֶ֧ל	ברזל	76	75.52	
522	H3988	מָאָ֔סוּ	מאסו	76	75.54	
523	H4713	מִצְרַ֔יִם	מצרים	76	75.57	
524	H4735	מִקְנֵֽה	מקנה	76	75.59	
525	H5291	הַֽנַּעֲרָ֖ה	הנערה	76	75.62	
526	H6186	וַיַּֽעַרְכ֤וּ	ויערכו	76	75.64	
527	H7161	קָרַ֛ן	קרן	76	75.67	
528	H7198	קֶ֔שֶׁת	קשת	76	75.69	
529	H8641	תְּרוּמַ֥ת	תרומת	76	75.72	
530	H2470	חֹלֶ֑ה	חלה	75	75.74	
531	H2654	חָפֵ֖ץ	חפץ	75	75.77	
532	H3240	וַיָּ֕נַח	וינח	75	75.79	
533	H5324	נִצָּ֖ב	נצב	75	75.81	
534	H4217	מִזְרָ֖חָה	מזרחה	74	75.84	
535	H4720	הַמִּקְדָּשׁ֙	המקדש	74	75.86	
536	H5542	סֶ֑לָה	סלה	74	75.89	
537	H5795	עִזִּ֖ים	עזים	74	75.91	
538	H7023	בְּקִ֣יר	בקיר	74	75.93	
539	H7998	שָׁלָֽל	שלל	74	75.96	
540	H631	אָסֻֽרָה	אסרה	73	75.98	
541	H730	אֲרָזִ֔ים	ארזים	73	76.01	
542	H1892	הָ֑בֶל	הבל	73	76.03	
543	H2199	וַיִּזְעָ֑קוּ	ויזעקו	73	76.05	
544	H2781	חֶרְפָּ֥ה	חרפה	73	76.08	
545	H3001	יָבֵ֖שׁ	יבש	73	76.10	
546	H3669	הַֽכְּנַעֲנִֽי	הכנעני	73	76.13	
547	H6869	צָרָֽה	צרה	73	76.15	
548	H499	אֶלְעָזָ֖ר	אלעזר	72	76.17	
549	H990	מִבֶּ֣טֶן	מבטן	72	76.20	
550	H1008	אֶל	אל	72	76.22	
551	H1077	בַּל	בל	72	76.24	
552	H1410	גָ֑ד	גד	72	76.27	
553	H2790	תַחֲרֹ֥שׁ	תחרש	72	76.29	
554	H4069	מַדּ֖וּעַ	מדוע	72	76.31	
555	H7205	רְאוּבֵ֑ן	ראובן	72	76.34	
556	H7364	וְרָחַ֤ץ	ורחץ	72	76.36	
557	H7782	שׁוֹפַ֤ר	שופר	72	76.38	
558	H452	אֵלִיָּ֨הוּ	אליהו	71	76.41	
559	H560	וָאֹמַ֣ר	ואמר	71	76.43	
560	H1389	גִּבְעָ֣ה	גבעה	71	76.45	
561	H1934	לֶהֱוֵ֨א	להוא	71	76.48	
562	H2275	חֶבְר֖וֹן	חברון	71	76.50	
563	H3844	הַלְּבָנ֑וֹן	הלבנון	71	76.52	
564	H5775	ע֤וֹף	עוף	71	76.55	
565	H6381	נִפְלָאֽוֹת	נפלאות	71	76.57	
566	H7673	וְהִשְׁבַּתִּ֞י	והשבתי	71	76.59	
567	H7979	הַשֻּׁלְחָֽן	השלחן	71	76.62	
568	H1835	דָּֽן	דן	70	76.64	
569	H3684	כְּסִ֣יל	כסיל	70	76.66	
570	H5027	הַבֶּט	הבט	70	76.68	
571	H5707	עַ֤ד	עד	70	76.71	
572	H7378	יָרִ֥יב	יריב	70	76.73	
573	H8628	תקעו	תקעו	70	76.75	
574	H441	אַלּ֤וּף	אלוף	69	76.77	
575	H1293	בְּרָכָֽה	ברכה	69	76.80	
576	H2580	חֵ֖ן	חן	69	76.82	
577	H4886	וּמָשַׁחְתָּ֨	ומשחת	69	76.84	
578	H6010	בְּעֵ֖מֶק	בעמק	69	76.86	
579	H6921	קָדִ֑ים	קדים	69	76.89	
580	H7495	יְרַפֵּֽא	ירפא	69	76.91	
581	H270	אָחַ֔ז	אחז	68	76.93	
582	H953	בּ֗וֹר	בור	68	76.95	
583	H3603	כִּכַּ֣ר	ככר	68	76.98	
584	H6327	נָפֹ֔צוּ	נפצו	68	77.00	
585	H40	אֲבִימֶ֨לֶךְ֙	אבימלך	67	77.02	
586	H2506	חָלָֽק	חלק	67	77.04	
587	H3802	כֶּ֥תֶף	כתף	67	77.06	
588	H5117	יָנ֗וּחַ	ינוח	67	77.09	
589	H6566	וַיִּפְרֹ֥שׂ	ויפרש	67	77.11	
590	H6913	קֶ֨בֶר֙	קבר	67	77.13	
591	H7093	מִקֵּ֣ץ	מקץ	67	77.15	
592	H272	אֲחֻזַּת	אחזת	66	77.17	
593	H7585	שָׁא֖וּל	שאול	66	77.19	
594	H7611	שְׁאֵרִ֖ית	שארית	66	77.22	
595	H801	אִשָּׁ֔ה	אשה	65	77.24	
596	H1272	בְּרַח	ברח	65	77.26	
597	H1397	גִּבֹּ֖ר	גבר	65	77.28	
598	H2505	יְחַלֵּ֥ק	יחלק	65	77.30	
599	H2975	הַיְאֹֽר	היאר	65	77.32	
600	H3782	יִכָּשֵֽׁלוּ	יכשלו	65	77.34	
601	H4853	מַשָּׂ֥א	משא	65	77.36	
602	H5329	לַמְנַצֵּ֖חַ	למנצח	65	77.39	
603	H6743	וְהִצְלִ֣יחַ	והצליח	65	77.41	
604	H7925	וַיַּשְׁכֵּ֥ם	וישכם	65	77.43	
605	H8610	תֹּפְשֵׂ֣י	תפשי	65	77.45	
606	H2472	חֲל֔וֹם	חלום	64	77.47	
607	H3878	לֵוִֽי	לוי	64	77.49	
608	H4116	וַיְמַהֵ֧ר	וימהר	64	77.51	
609	H5262	וְנִסְכֵּיהֶ֔ם	ונסכיהם	64	77.53	
610	H74	אַבְנֵ֖ר	אבנר	63	77.55	
611	H779	אָר֤וּר	ארור	63	77.57	
612	H1869	יִדְרֹ֥ךְ	ידרך	63	77.59	
613	H3335	יוֹצֵ֔ר	יוצר	63	77.61	
614	H4043	מִגַּן	מגן	63	77.64	
615	H5341	נֹצֵ֥ר	נצר	63	77.66	
616	H6667	צִדְקִיָּ֣הוּ	צדקיהו	63	77.68	
617	H7167	וַיִּקְרַ֖ע	ויקרע	63	77.70	
618	H7919	מַשְׂכִּ֑יל	משכיל	63	77.72	
619	H7927	שְׁכֶ֣ם	שכם	63	77.74	
620	H8198	שִׁפְחָתֵךְ֙	שפחתך	63	77.76	
621	H8552	תָּ֔ם	תם	63	77.78	
622	H1369	וּגְבֽוּרָת֑וֹ	וגבורתו	62	77.80	
623	H1516	גַ֔יְא	גיא	62	77.82	
624	H2256	חָבֹ֥ל	חבל	62	77.84	
625	H2282	חַג	חג	62	77.86	
626	H7070	קֹנֵ֖ה	קנה	62	77.88	
627	H8248	לְהַשְׁק֖וֹת	להשקות	62	77.90	
628	H34	וְאֶבְי֑וֹן	ואביון	61	77.92	
629	H87	אַבְרָ֔ם	אברם	61	77.94	
630	H319	בְּאַחֲרִ֥ית	באחרית	61	77.96	
631	H681	אֵ֥צֶל	אצל	61	77.98	
632	H1109	בִּלְעָ֣ם	בלעם	61	78.00	
633	H1730	דּוֹדִ֖י	דודי	61	78.02	
634	H2342	יָחִ֖ילוּ	יחילו	61	78.04	
635	H6160	הָֽעֲרָבָ֔ה	הערבה	61	78.06	
636	H7379	רִ֗יב	ריב	61	78.08	
637	H433	אֱל֣וֹהַ	אלוה	60	78.10	
638	H734	אֹ֖רַח	ארח	60	78.12	
639	H1316	הַבָּשָׁ֑ן	הבשן	60	78.14	
640	H2555	חָמָֽס	חמס	60	78.16	
641	H4782	מָרְדֳּכַ֗י	מרדכי	60	78.18	
642	H5019	נְבוּכַדְרֶאצַּ֥ר	נבוכדראצר	60	78.20	
643	H5088	נֶ֣דֶר	נדר	60	78.22	
644	H7004	קְטֹ֑רֶת	קטרת	60	78.24	
645	H2308	חָדַל֙	חדל	59	78.25	
646	H3198	מוֹכִ֑יחַ	מוכיח	59	78.27	
647	H3293	יַ֣עַר	יער	59	78.29	
648	H4080	מִדְיָ֑ן	מדין	59	78.31	
649	H5157	יִנְחֲל֖וּ	ינחלו	59	78.33	
650	H5193	וְנִטְע֥וּ	ונטעו	59	78.35	
651	H5553	הַסֶּ֛לַע	הסלע	59	78.37	
652	H5715	הָעֵדֻ֖ת	העדת	59	78.39	
653	H6299	תִּפְדֶּ֣ה	תפדה	59	78.41	
654	H8163	שֵׂעִ֑יר	שעיר	59	78.43	
655	H8346	שִׁשִּׁ֥ים	ששים	59	78.45	
656	H347	אִיּ֣וֹב	איוב	58	78.47	
657	H477	אֱלִישָׁ֤ע	אלישע	58	78.48	
658	H609	אָסָ֥א	אסא	58	78.50	
659	H1097	בְּלִי֙	בלי	58	78.52	
660	H1836	דָּ֣נָה	דנה	58	78.54	
661	H3058	יֵה֣וּא	יהוא	58	78.56	
662	H4392	מִלֻּאִ֑ים	מלאים	58	78.58	
663	H7368	הַרְחֵק֙	הרחק	58	78.60	
664	H7381	רֵ֣יחַ	ריח	58	78.62	
665	H7703	שֻׁדַּ֨ד	שדד	58	78.64	
666	H8077	שְׁמָמָ֔ה	שממה	58	78.66	
667	H8416	תְּהִלָּֽה	תהלה	58	78.67	
668	H8672	תְּשַׁ֤ע	תשע	58	78.69	
669	H116	בֵּאדַ֣יִן	באדין	57	78.71	
670	H134	וְאַדְנֵיהֶ֣ם	ואדניהם	57	78.73	
671	H2962	בְּטֶ֥רֶם	בטרם	57	78.75	
672	H3405	יְרִיח֑וֹ	יריחו	57	78.77	
673	H4210	מִזְמ֥וֹר	מזמור	57	78.79	
674	H4437	מַלְכוּתָ֥א	מלכותא	57	78.80	
675	H6571	פָּרָשִׁ֑ים	פרשים	57	78.82	
676	H7521	יֵרָצֶה֒	ירצה	57	78.84	
677	H490	אַלְמָנָ֣ה	אלמנה	56	78.86	
678	H519	אֲמָתֶ֔ךָ	אמתך	56	78.88	
679	H2232	תִּזְרַ֣ע	תזרע	56	78.90	
680	H2389	חֲזָקָֽה	חזקה	56	78.91	
681	H4284	מַֽחֲשָׁב֔וֹת	מחשבות	56	78.93	
682	H6466	פֹּ֥עֲלֵי	פעלי	56	78.95	
683	H7522	רָצ֔וֹן	רצון	56	78.97	
684	H635	אֶסָּתֵ֑ר	אסתר	55	78.99	
685	H1612	הַגֶּ֔פֶן	הגפן	55	79.01	
686	H3707	לְהַכְעִיסֽוֹ	להכעיסו	55	79.02	
687	H3837	לָבָ֑ן	לבן	55	79.04	
688	H4060	מִדָּ֥ה	מדה	55	79.06	
689	H5999	עָמָ֖ל	עמל	55	79.08	
690	H6817	וַיִּצְעַ֣ק	ויצעק	55	79.09	
691	H7243	הָֽרְבִיעִ֖י	הרביעי	55	79.11	
692	H8127	שֵׁ֖ן	שן	55	79.13	
693	H14	אָבָ֖ה	אבה	54	79.15	
694	H1254	בָּרָ֣א	ברא	54	79.17	
695	H1581	גְמַלִּ֜ים	גמלים	54	79.18	
696	H1692	דָּבְקָ֖ה	דבקה	54	79.20	
697	H1706	וּדְבָ֑שׁ	ודבש	54	79.22	
698	H2001	הֲמִן	המן	54	79.24	
699	H3373	יָרֵ֖א	ירא	54	79.25	
700	H3407	הַיְרִיעָ֣ה	היריעה	54	79.27	
701	H4791	מֵר֔וֹם	מרום	54	79.29	
702	H5766	עוֹלָ֜ה	עולה	54	79.31	
703	H6172	עֶרְוַ֣ת	ערות	54	79.32	
704	H7105	קְצִיר	קציר	54	79.34	
705	H7723	שָׁ֑וְא	שוא	54	79.36	
706	H8040	וּשְׂמֹ֔אול	ושמאול	54	79.38	
707	H2319	חֹ֥דֶשׁ	חדש	53	79.39	
708	H2977	יֹאשִׁיָּ֣הוּ	יאשיהו	53	79.41	
709	H4082	מְדִינָֽה	מדינה	53	79.43	
710	H4682	מַצּ֣וֹת	מצות	53	79.45	
711	H5560	סֹ֔לֶת	סלת	53	79.46	
712	H5945	עֶלְיֽוֹן	עליון	53	79.48	
713	H6659	צָד֜וֹק	צדוק	53	79.50	
714	H6887	צָרַ֥ר	צרר	53	79.52	
715	H7442	יְרַנֵּ֑נוּ	ירננו	53	79.53	
716	H1841	דָּנִיֵּ֣אל	דניאל	52	79.55	
717	H2763	הַחֵ֑רֶם	החרם	52	79.57	
718	H3332	וַיִּצֹ֥ק	ויצק	52	79.58	
719	H4279	מָחָ֔ר	מחר	52	79.60	
720	H5080	הִדַּחְתִּ֣ים	הדחתים	52	79.62	
721	H314	הָאַחֲרֽוֹן	האחרון	51	79.63	
722	H1234	נִבְקְעוּ֙	נבקעו	51	79.65	
723	H1945	ה֥וֹי	הוי	51	79.67	
724	H2372	חֲזֵ֣ה	חזה	51	79.68	
725	H2865	תַּ֣חַת	תחת	51	79.70	
726	H3077	יְה֣וֹיָדָ֔ע	יהוידע	51	79.72	
727	H3119	יוֹמָ֜ם	יומם	51	79.73	
728	H3526	יְכַבֵּ֥ס	יכבס	51	79.75	
729	H4058	וַיָּ֜מָד	וימד	51	79.77	
730	H5321	נַפְתָּלִֽי	נפתלי	51	79.78	
731	H5703	לְעֵ֖ד	לעד	51	79.80	
732	H7114	וַתִּקְצַ֥ר	ותקצר	51	79.82	
733	H7175	הַקָּ֑רֶשׁ	הקרש	51	79.83	
734	H7225	רֵאשִׁ֤ית	ראשית	51	79.85	
735	H8582	תָּ֣עוּ	תעו	51	79.87	
736	H8597	תִּפְאֶ֧רֶת	תפארת	51	79.88	
737	H1104	בֶּ֖לַע	בלע	50	79.90	
738	H1330	בְּתוּלָ֕ה	בתולה	50	79.92	
739	H2008	הִנֵּה֩	הנה	50	79.93	
740	H2885	טַבְּעֹ֣ת	טבעת	50	79.95	
741	H3050	יָ֔הּ	יה	50	79.96	
742	H4148	מוּסַ֖ר	מוסר	50	79.98	
743	H4609	הַֽמַּעֲל֖וֹת	המעלות	50	80.00	
744	H5234	הַֽכֶּר	הכר	50	80.01	
745	H5381	תַשִּׂ֨יג	תשיג	50	80.03	
746	H6555	וַיִּפְרֹ֣ץ	ויפרץ	50	80.05	
747	H6565	הֵפַֽר	הפר	50	80.06	
748	H7346	רְחַבְעָ֥ם	רחבעם	50	80.08	
749	H530	בֶאֱמוּנָ֖ה	באמונה	49	80.09	
750	H561	אִמְרִי	אמרי	49	80.11	
751	H646	הָאֵפֹ֑ד	האפד	49	80.13	
752	H898	בִּגְדוֹ֙	בגדו	49	80.14	
753	H1347	גְּא֣וֹן	גאון	49	80.16	
754	H1698	דִּבֶּ֤ר	דבר	49	80.17	
755	H4026	מִגְדֹּ֖ל	מגדל	49	80.19	
756	H4948	מִשְׁקַ֞ל	משקל	49	80.21	
757	H5062	נֹגֵ֛ף	נגף	49	80.22	
758	H5668	בַּעֲב֣וּר	בעבור	49	80.24	
759	H6343	פַּֽחַד	פחד	49	80.25	
760	H6453	הַפָּֽסַח	הפסח	49	80.27	
761	H6738	בְּצֵ֥ל	בצל	49	80.29	
762	H6960	קִוִּ֥יתִי	קויתי	49	80.30	
763	H8504	תְּכֵ֗לֶת	תכלת	49	80.32	
764	H1544	גִּלּֽוּלֵיהֶ֑ם	גלוליהם	48	80.33	
765	H2007	הִנֵּה֩	הנה	48	80.35	
766	H2595	חֲנִֽית	חנית	48	80.37	
767	H2850	הַחִתִּ֥י	החתי	48	80.38	
768	H3320	יִתְיַצֵּ֥ב	יתיצב	48	80.40	
769	H3458	יִשְׁמָעֵ֔אל	ישמעאל	48	80.41	
770	H3957	הַלְּשָׁכ֑וֹת	הלשכות	48	80.43	
771	H4347	מַכֶּ֥ה	מכה	48	80.44	
772	H5038	נִבְלָתָ֖ם	נבלתם	48	80.46	
773	H5216	נֵ֖ר	נר	48	80.47	
774	H5545	וְנִסְלַ֥ח	ונסלח	48	80.49	
775	H5564	וְסָמַ֨ךְ	וסמך	48	80.51	
776	H5838	עֲזַרְיָ֔ה	עזריה	48	80.52	
777	H7628	בַּשֶּֽׁבִי	בשבי	48	80.54	
778	H7706	שַׁדַּ֔י	שדי	48	80.55	
779	H8242	שַׂ֖ק	שק	48	80.57	
780	H346	אַיֵּ֖ה	איה	47	80.58	
781	H1644	וַיְגָ֖רֶשׁ	ויגרש	47	80.60	
782	H1800	דַּ֣ל	דל	47	80.61	
783	H3046	יֹדֵ֣עַ	ידע	47	80.63	
784	H3101	יוֹאָ֔שׁ	יואש	47	80.65	
785	H4975	מָתְנַ֧יִם	מתנים	47	80.66	
786	H5271	נְעוּרַ֔יִךְ	נעוריך	47	80.68	
787	H6823	וַיְצַ֥ף	ויצף	47	80.69	
788	H7354	רָחֵ֣ל	רחל	47	80.71	
789	H7355	אֲרַחֵֽם	ארחם	47	80.72	
790	H7523	הָרֹצֵ֑חַ	הרצח	47	80.74	
791	H7617	וַיָּשֻׁ֧בוּ	וישבו	47	80.75	
792	H7716	שֶׂ֣ה	שה	47	80.77	
793	H623	אֹ֠סִף	אסף	46	80.78	
794	H817	הָאָשָׁ֖ם	האשם	46	80.80	
795	H970	בָּח֔וּר	בחור	46	80.81	
796	H1523	יָגִ֖ילוּ	יגילו	46	80.83	
797	H4904	מִשְׁכָּבְךָ֖	משכבך	46	80.84	
798	H4960	מִשְׁתֶּ֔ה	משתה	46	80.86	
799	H5146	נֹ֖חַ	נח	46	80.87	
800	H5237	נָכְרִיָּֽה	נכריה	46	80.89	
801	H6113	עָצ֥וּר	עצור	46	80.90	
802	H6293	וּפָגַע֙	ופגע	46	80.92	
803	H6925	קֶֽדֶם	קדם	46	80.93	
804	H6967	קוֹמָת֖וֹ	קומתו	46	80.95	
805	H7181	הַקְשִׁ֥יבוּ	הקשיבו	46	80.96	
806	H7503	הֶ֤רֶף	הרף	46	80.98	
807	H194	אוּלַ֥י	אולי	45	80.99	
808	H835	אַשְׁרֵ֣י	אשרי	45	81.01	
809	H1834	דַּמֶּ֥שֶׂק	דמשק	45	81.02	
810	H2074	זְבוּלֻ֑ן	זבולן	45	81.04	
811	H2167	זַמְּר֣וּ	זמרו	45	81.05	
812	H2549	הַחֲמִישִׁ֔י	החמישי	45	81.07	
813	H2671	חֵץ	חץ	45	81.08	
814	H4784	וַיַּמְרוּ	וימרו	45	81.10	
815	H7356	רַחֲמֶ֣יךָ	רחמיך	45	81.11	
816	H400	אָכֹ֥ל	אכל	44	81.12	
817	H657	אָפֵ֖ס	אפס	44	81.14	
818	H1005	בֵּֽית	בית	44	81.15	
819	H2296	וַיַּחְגֹּ֤ר	ויחגר	44	81.17	
820	H2461	חֵ֥לֶב	חלב	44	81.18	
821	H2502	חֲלוּצֵ֥י	חלוצי	44	81.20	
822	H3129	י֣וֹנָתָ֔ן	יונתן	44	81.21	
823	H4186	מוֹשַׁב֙	מושב	44	81.22	
824	H4818	הַמֶּרְכָּבָ֖ה	המרכבה	44	81.24	
825	H5057	נָגִ֛יד	נגיד	44	81.25	
826	H5352	יְנַקֶּה֙	ינקה	44	81.27	
827	H5749	וְאָעִ֣ידָה	ואעידה	44	81.28	
828	H5978	עִמָּדִ֔י	עמדי	44	81.30	
829	H7194	וַיִּקְשְׁרֽוּ	ויקשרו	44	81.31	
830	H7321	הָרִ֖יעוּ	הריעו	44	81.33	
831	H7667	שֶׁ֖בֶר	שבר	44	81.34	
832	H8095	שִׁמְעֽוֹן	שמעון	44	81.35	
833	H8096	שִׁמְעִ֣י	שמעי	44	81.37	
834	H215	לְהָאִ֖יר	להאיר	43	81.38	
835	H575	אָ֥נָה	אנה	43	81.40	
836	H836	אֲשֶׁר֙	אשר	43	81.41	
837	H959	בָזֶ֖ה	בזה	43	81.42	
838	H962	בָּזָֽזוּ	בזזו	43	81.44	
839	H1101	בְּלוּלָ֥ה	בלולה	43	81.45	
840	H1111	בָּלָ֖ק	בלק	43	81.47	
841	H1390	הַגִּבְעָ֔ה	הגבעה	43	81.48	
842	H1473	הַגּוֹלָ֔ה	הגולה	43	81.49	
843	H2029	וַתַּ֨הַר֙	ותהר	43	81.51	
844	H2040	הָרֵס֙	הרס	43	81.52	
845	H2148	זְכַרְיָ֥ה	זכריה	43	81.54	
846	H3256	יִסַּ֤ר	יסר	43	81.55	
847	H3303	יָפָ֥ה	יפה	43	81.56	
848	H3485	יִשָּׂשכָֽר	יששכר	43	81.58	
849	H3871	לֻחֹ֣ת	לחת	43	81.59	
850	H4611	מַעַלְלֵיהֶ֖ם	מעלליהם	43	81.61	
851	H4970	מֵתִ֖י	מתי	43	81.62	
852	H5207	נִיחֹ֔חַ	ניחח	43	81.63	
853	H5331	לָנֶ֔צַח	לנצח	43	81.65	
854	H5355	נָקִ֖י	נקי	43	81.66	
855	H6584	וַֽיִּפְשְׁט֖וּ	ויפשטו	43	81.68	
856	H7068	קִנְאָ֛ה	קנאה	43	81.69	
857	H7339	בָרְח֖וֹב	ברחוב	43	81.70	
858	H8393	תְּבוּאַ֣ת	תבואת	43	81.72	
859	H8394	תְּבוּנָֽה	תבונה	43	81.73	
860	H8438	וְתוֹלַ֥עַת	ותולעת	43	81.75	
861	H582	אֱנ֑וֹשׁ	אנוש	42	81.76	
862	H914	וַיַּבְדֵּ֣ל	ויבדל	42	81.77	
863	H983	לָבֶֽטַח	לבטח	42	81.79	
864	H1141	בְּנָיָ֖הוּ	בניהו	42	81.80	
865	H1280	וּבְרִיחָ֖יו	ובריחיו	42	81.81	
866	H1588	בְגַן	בגן	42	81.83	
867	H2100	זָבַ֥ת	זבת	42	81.84	
868	H2717	חָֽרְב֥וּ	חרבו	42	81.86	
869	H2723	לֶחָרָבָ֑ה	לחרבה	42	81.87	
870	H2945	טַפָּם֙	טפם	42	81.88	
871	H3176	יִחָֽלְתִּי	יחלתי	42	81.90	
872	H3245	יֻסַּ֖ד	יסד	42	81.91	
873	H3374	יִרְאַ֣ת	יראת	42	81.92	
874	H3448	יִשַׁ֣י	ישי	42	81.94	
875	H3490	יָת֖וֹם	יתום	42	81.95	
876	H3658	בַּכִּנּ֑וֹר	בכנור	42	81.97	
877	H4256	מַֽחֲלֻקְתּ֔וֹ	מחלקתו	42	81.98	
878	H4501	הַמְּנֹרָֽה	המנרה	42	81.99	
879	H5128	נָע֖וּ	נעו	42	82.01	
880	H5416	נֹתֵ֗ן	נתן	42	82.02	
881	H5422	נֻתַּץ֙	נתץ	42	82.03	
882	H5631	סְרִ֣יס	סריס	42	82.05	
883	H6865	צֹ֗ר	צר	42	82.06	
884	H8144	שֵׁנִֽי	שני	42	82.08	
885	H8252	שָׁקְטָ֖ה	שקטה	42	82.09	
886	H8336	שֵׁ֥שׁ	שש	42	82.10	
887	H238	הַאֲזִ֥ינָה	האזינה	41	82.12	
888	H268	אָחֽוֹר	אחור	41	82.13	
889	H271	אָחַ֔ז	אחז	41	82.14	
890	H553	וְאִמֵּץ֙	ואמץ	41	82.16	
891	H693	אֹרֵ֛ב	ארב	41	82.17	
892	H1035	לֶ֔חֶם	לחם	41	82.18	
893	H1537	הַגִּלְגָּ֔ל	הגלגל	41	82.20	
894	H2550	חָמַ֤ל	חמל	41	82.21	
895	H2740	חֲר֥וֹן	חרון	41	82.22	
896	H2778	חֵרֵ֥ף	חרף	41	82.24	
897	H2983	וְהַיְבוּסִֽי	והיבוסי	41	82.25	
898	H3985	מֵאֲנ֖וּ	מאנו	41	82.26	
899	H6586	פָּשְׁעוּ	פשעו	41	82.28	
900	H6663	יִצְדַּ֖ק	יצדק	41	82.29	
901	H6677	צַוָּארֶֽךָ	צוארך	41	82.30	
902	H6763	צֹלֵ֖עַ	צלע	41	82.32	
903	H7264	יִרְגָּ֑זוּ	ירגזו	41	82.33	
904	H7622	שְׁב֨וּת	שבות	41	82.34	
905	H8098	שְׁמַעְיָ֥ה	שמעיה	41	82.36	
906	H160	אֲהֵבָ֑הּ	אהבה	40	82.37	
907	H374	הָאֵיפָ֖ה	האיפה	40	82.38	
908	H558	אֲמַצְיָ֥הוּ	אמציהו	40	82.40	
909	H842	הָאֲשֵׁרָ֥ה	האשרה	40	82.41	
910	H1589	וַתִּגְנֹ֣ב	ותגנב	40	82.42	
911	H1715	דָּגָ֖ן	דגן	40	82.43	
912	H4631	הַ֨מְּעָרָ֔ה	המערה	40	82.45	
913	H5203	וַיִּטֹּ֨שׁ	ויטש	40	82.46	
914	H5857	הָעָֽי	העי	40	82.47	
915	H5923	עַל	על	40	82.49	
916	H6833	צִפּ֥וֹר	צפור	40	82.50	
917	H8047	לְשַׁמָּ֔ה	לשמה	40	82.51	
918	H56	אָבֵ֛לָה	אבלה	39	82.53	
919	H223	אוּרִיָּ֥ה	אוריה	39	82.54	
920	H926	נִבְהֲל֖וּ	נבהלו	39	82.55	
921	H1439	גִּדְעוֹן֙	גדעון	39	82.56	
922	H1767	מִדֵּ֤י	מדי	39	82.58	
923	H2219	וְזֵרִיתִ֥י	וזריתי	39	82.59	
924	H2656	חָפֵ֖ץ	חפץ	39	82.60	
925	H2729	מַחֲרִ֑יד	מחריד	39	82.61	
926	H3470	יְשַֽׁעְיָ֥הוּ	ישעיהו	39	82.63	
927	H3515	כָבֵ֥ד	כבד	39	82.64	
928	H4131	יִמּֽוֹט	ימוט	39	82.65	
929	H4751	מָר	מר	39	82.67	
930	H4820	מִרְמָ֥ה	מרמה	39	82.68	
931	H4847	מְרָרִ֖י	מררי	39	82.69	
932	H4899	מְשִׁ֥יחַ	משיח	39	82.70	
933	H4912	מְשָׁל֖וֹ	משלו	39	82.72	
934	H5148	וַיִּנָּ֣חֶם	וינחם	39	82.73	
935	H5467	סְדֹם֙	סדם	39	82.74	
936	H5739	עֵ֥דֶר	עדר	39	82.75	
937	H6002	עֲמָלֵ֑ק	עמלק	39	82.77	
938	H6950	וַיִּקָּהֵ֨ל	ויקהל	39	82.78	
939	H8165	שֵׂעִ֑יר	שעיר	39	82.79	
940	H8384	תְּאֵנִ֑ים	תאנים	39	82.81	
941	H8435	תּוֹלְדֹתָ֥ם	תולדתם	39	82.82	
942	H335	אֵ֖י	אי	38	82.83	
943	H713	וְאַרְגָּמָ֛ן	וארגמן	38	82.84	
944	H998	בִּינָ֑ה	בינה	38	82.86	
945	H1219	בְּצֻר֤וֹת	בצרות	38	82.87	
946	H2132	זַ֖יִת	זית	38	82.88	
947	H2315	בַּחֲדַ֥ר	בחדר	38	82.89	
948	H2436	בְּחֵיקֶ֔ךָ	בחיקך	38	82.90	
949	H2764	חָרֻ֖ם	חרם	38	82.92	
950	H2809	חֶשְׁבּ֔וֹן	חשבון	38	82.93	
951	H3637	וְיִכָּ֣לְמ֔וּ	ויכלמו	38	82.94	
952	H4306	מְטַֽר	מטר	38	82.95	
953	H4393	מָלֵ֜א	מלא	38	82.97	
954	H4405	מִלִּ֣ין	מלין	38	82.98	
955	H5035	נָבֹ֣ל	נבל	38	82.99	
956	H6467	פָּ֖עַל	פעל	38	83.00	
957	H8065	שְׁמַיָּ֥א	שמיא	38	83.02	
958	H8084	וּשְׁמֹנִ֛ים	ושמנים	38	83.03	
959	H8123	שִׁמְשׁ֑וֹן	שמשון	38	83.04	
960	H8283	שָׂרָ֖ה	שרה	38	83.05	
961	H8492	וְתִיר֑וֹשׁ	ותירוש	38	83.07	
962	H274	אֲחַזְיָ֥הוּ	אחזיהו	37	83.08	
963	H565	אִמְרָתֶ֔ךָ	אמרתך	37	83.09	
964	H875	בְּאֵ֥ר	באר	37	83.10	
965	H1364	גָּבֹ֖הַּ	גבה	37	83.11	
966	H1391	גִבְע֜וֹן	גבעון	37	83.13	
967	H1580	גָּמָ֑ל	גמל	37	83.14	
968	H1637	גֹּ֣רֶן	גרן	37	83.15	
969	H2620	חָסִ֑יתִי	חסיתי	37	83.16	
970	H3079	יְהוֹיָקִ֑ים	יהויקים	37	83.17	
971	H3556	כְּכוֹכְבֵ֣י	ככוכבי	37	83.19	
972	H3557	וְכִלְכְּל֥וּ	וכלכלו	37	83.20	
973	H3602	כָּ֔כָה	ככה	37	83.21	
974	H3950	לִלְקֹ֑ט	ללקט	37	83.22	
975	H4013	מִבְצָֽר	מבצר	37	83.23	
976	H4581	מָע֥וֹז	מעוז	37	83.25	
977	H5130	וְהֵנִ֥יף	והניף	37	83.26	
978	H5511	סִיחֽוֹן	סיחון	37	83.27	
979	H6239	עֶ֣שֶׂר	עשר	37	83.28	
980	H6370	פִּילֶ֣גֶשׁ	פילגש	37	83.29	
981	H6822	הַצֹּפֶה֙	הצפה	37	83.31	
982	H7122	לִקְרַ֣את	לקראת	37	83.32	
983	H7141	קֹ֑רַח	קרח	37	83.33	
984	H7778	הַשְּׁעָרִ֑ים	השערים	37	83.34	
985	H339	אִיִּים֙	איים	36	83.35	
986	H423	אֵ֣לֶּה	אלה	36	83.37	
987	H2796	חֹרֵ֥שׁ	חרש	36	83.38	
988	H2932	טֻמְאָת֔וֹ	טמאתו	36	83.39	
989	H3157	יִזְרְעֶֽאל	יזרעאל	36	83.40	
990	H3368	יִקָּרֵ֤ה	יקרה	36	83.41	
991	H3468	יִשְׁעִ֗י	ישעי	36	83.43	
992	H3665	וַיִּכָּֽנְעוּ֙	ויכנעו	36	83.44	
993	H3766	כָּרַ֨ע	כרע	36	83.45	
994	H3816	לְאֻמִּ֔ים	לאמים	36	83.46	
995	H4135	יִמּ֥וֹל	ימול	36	83.47	
996	H4136	מ֚וּל	מול	36	83.48	
997	H4159	מוֹפֵ֑ת	מופת	36	83.50	
998	H4229	מָחֹ֤ה	מחה	36	83.51	
999	H4603	מָֽעֲלוּ	מעלו	36	83.52	
1000	H4709	הַמִּצְפָּֽה	המצפה	36	83.53	
